,date,open,high,low,close,volume,average,barCount
0,2022-10-31 09:00:00,67.325,67.325,66.2,66.2,113.0,67.2951,2
1,2022-10-31 10:00:00,66.2,66.2,66.2,66.2,83.0,66.2,3
2,2022-10-31 11:00:00,68.466,68.466,67.466,67.856,114.0,67.9525,4
3,2022-10-31 12:00:00,66.167,68.656,66.167,67.39,926.0,67.6381,8
4,2022-10-31 13:00:00,67.631,68.531,67.47,67.47,230.0,67.6028,5
5,2022-10-31 14:00:00,66.21,66.21,66.21,66.21,20.0,66.21,2
6,2022-10-31 15:00:00,67.705,68.99,65.343,66.2,231.0,67.1472,22
7,2022-10-31 16:00:00,68.457,69.087,67.557,69.087,50.0,68.655,3
8,2022-11-01 09:00:00,66.46,66.46,66.46,66.46,4.0,66.46,2
9,2022-11-01 10:00:00,66.853,66.853,66.397,66.397,65.0,66.7478,2
10,2022-11-01 11:00:00,67.75,68.843,66.41,68.843,210.0,67.6686,7
11,2022-11-01 12:00:00,68.843,68.843,68.843,68.843,0.0,68.843,0
12,2022-11-01 13:00:00,68.843,68.843,67.843,67.843,150.0,68.343,2
13,2022-11-01 14:00:00,66.437,66.437,66.437,66.437,20.0,66.437,5
14,2022-11-01 15:00:00,67.444,67.6,66.55,66.55,45.0,67.1901,7
15,2022-11-01 16:00:00,66.55,66.55,66.55,66.55,0.0,66.55,0
16,2022-11-02 10:00:00,67.892,67.892,67.892,67.892,60.0,67.892,1
17,2022-11-02 11:00:00,66.534,66.534,65.5,66.36,52.0,66.2907,8
18,2022-11-02 12:00:00,65.25,65.25,65.025,65.025,16.0,65.1375,2
19,2022-11-02 13:00:00,67.625,68.625,67.625,68.625,50.0,68.125,2
20,2022-11-02 14:00:00,67.8,68.8,67.8,68.8,50.0,68.3,2
21,2022-11-02 15:00:00,66.493,69.384,65.75,67.0,427.0,67.6554,14
22,2022-11-02 16:00:00,64.985,64.985,64.985,64.985,8.0,64.985,1
23,2022-11-03 10:00:00,65.907,65.98,65.907,65.98,234.0,65.9435,2
24,2022-11-03 11:00:00,65.69,65.69,65.69,65.69,13.0,65.69,1
25,2022-11-03 12:00:00,65.17,65.17,64.534,64.534,1000.0,64.7219,4
26,2022-11-03 13:00:00,63.779,68.625,63.779,68.625,32.0,68.3221,2
27,2022-11-03 14:00:00,67.0,67.0,64.023,64.023,87.0,65.7339,2
28,2022-11-03 15:00:00,66.937,66.937,63.796,63.796,96.0,66.4981,16
29,2022-11-03 16:00:00,64.023,66.82,64.023,66.82,450.0,64.3338,3
30,2022-11-04 11:00:00,64.0,64.0,64.0,64.0,6.0,64.0,2
31,2022-11-04 12:00:00,63.027,66.5,63.027,64.023,111.0,63.8412,5
32,2022-11-04 13:00:00,64.023,66.02,64.023,66.02,34.0,64.3167,2
33,2022-11-04 14:00:00,66.89,67.35,66.85,67.35,134.0,67.0216,3
34,2022-11-04 15:00:00,66.85,66.85,65.5,65.5,38.0,66.3526,10
35,2022-11-04 16:00:00,67.0,68.34,67.0,68.34,20.0,67.67,2
36,2022-11-07 09:00:00,63.843,63.843,63.843,63.843,3.0,63.843,1
37,2022-11-07 10:00:00,63.927,64.0,63.927,64.0,50.0,63.9635,2
38,2022-11-07 11:00:00,64.0,64.0,64.0,64.0,0.0,64.0,0
39,2022-11-07 12:00:00,64.0,64.0,64.0,64.0,0.0,64.0,0
40,2022-11-07 13:00:00,64.48,64.48,63.674,63.674,156.0,63.7567,4
41,2022-11-07 14:00:00,66.711,66.711,66.638,66.638,80.0,66.6745,2
42,2022-11-07 15:00:00,65.0,68.25,63.399,66.85,248.0,66.7544,13
43,2022-11-07 16:00:00,66.85,66.85,66.85,66.85,0.0,66.85,0
44,2022-11-08 11:00:00,66.21,66.21,66.21,66.21,236.0,66.21,1
45,2022-11-08 12:00:00,65.96,65.96,65.96,65.96,5.0,65.96,1
46,2022-11-08 13:00:00,63.729,63.738,63.729,63.738,250.0,63.7362,4
47,2022-11-08 14:00:00,63.201,66.5,63.201,66.5,495.0,65.2067,13
48,2022-11-08 15:00:00,66.25,66.25,66.25,66.25,22.0,66.25,5
49,2022-11-08 16:00:00,66.72,68.054,66.72,68.054,60.0,67.387,2
50,2022-11-09 11:00:00,66.54,66.54,63.739,63.739,155.0,64.1546,2
51,2022-11-09 12:00:00,63.666,63.666,63.666,63.666,4.0,63.666,1
52,2022-11-09 13:00:00,63.666,63.666,63.666,63.666,0.0,63.666,0
53,2022-11-09 14:00:00,63.726,63.726,63.726,63.726,7.0,63.726,1
54,2022-11-09 15:00:00,63.726,66.85,63.726,64.54,123.0,65.6527,9
55,2022-11-09 16:00:00,64.54,64.54,64.54,64.54,0.0,64.54,0
56,2022-11-10 09:00:00,67.116,67.116,67.116,67.116,8.0,67.116,3
57,2022-11-10 10:00:00,67.02,68.151,66.027,66.1,137.0,66.6716,5
58,2022-11-10 11:00:00,67.04,67.04,66.96,66.96,585.0,66.9853,2
59,2022-11-10 12:00:00,66.96,66.96,66.96,66.96,0.0,66.96,0
60,2022-11-10 13:00:00,68.22,69.52,68.22,69.52,50.0,68.87,2
61,2022-11-10 14:00:00,66.853,69.686,66.114,66.114,115.0,67.562,6
62,2022-11-10 15:00:00,67.175,68.298,66.134,67.24,971.0,67.1705,19
63,2022-11-10 16:00:00,68.32,69.686,68.32,69.686,20.0,69.003,2
64,2022-11-14 10:00:00,69.92,69.92,65.899,65.899,1184.0,67.9468,10
65,2022-11-14 11:00:00,67.42,67.44,65.19,65.19,241.0,67.3365,3
66,2022-11-14 12:00:00,67.89,67.89,65.477,65.55,654.0,67.7315,4
67,2022-11-14 13:00:00,69.77,69.77,65.96,65.96,590.0,66.013,4
68,2022-11-14 14:00:00,68.42,68.42,68.42,68.42,26.0,68.42,2
69,2022-11-14 15:00:00,68.381,68.477,66.817,66.817,283.0,67.9818,11
70,2022-11-14 16:00:00,67.44,67.44,66.725,66.725,150.0,66.9633,2
71,2022-11-15 09:00:00,67.997,67.997,66.927,67.0,338.0,67.4006,5
72,2022-11-15 10:00:00,65.85,65.85,65.85,65.85,8.0,65.85,2
73,2022-11-15 11:00:00,68.04,68.04,67.964,67.964,33.0,67.9916,6
74,2022-11-15 12:00:00,68.581,69.781,67.78,67.78,465.0,68.9852,3
75,2022-11-15 13:00:00,68.24,68.24,66.875,66.875,130.0,67.925,5
76,2022-11-15 14:00:00,66.875,66.875,66.875,66.875,0.0,66.875,0
77,2022-11-15 15:00:00,66.23,68.415,66.23,68.415,217.0,66.9098,9
78,2022-11-15 16:00:00,68.415,68.415,68.415,68.415,0.0,68.415,0
79,2022-11-16 10:00:00,68.3,69.5,66.23,66.23,307.0,67.8115,9
80,2022-11-16 11:00:00,66.23,66.89,66.23,66.317,660.0,66.3448,6
81,2022-11-16 12:00:00,66.157,67.5,66.157,67.25,3156.0,67.3153,7
82,2022-11-16 13:00:00,65.71,68.2,65.71,66.99,330.0,67.2935,5
83,2022-11-16 14:00:00,67.356,69.023,67.356,69.023,142.0,67.8936,6
84,2022-11-16 15:00:00,64.634,67.528,64.634,67.5,172.0,65.9046,14
85,2022-11-16 16:00:00,66.875,66.875,66.875,66.875,14.0,66.875,2
86,2022-11-17 09:00:00,68.5,68.5,68.5,68.5,80.0,68.5,2
87,2022-11-17 10:00:00,69.138,69.138,65.71,65.71,87.0,68.4955,3
88,2022-11-17 11:00:00,67.37,68.87,64.721,68.5,520.0,66.0467,8
89,2022-11-17 12:00:00,66.773,68.5,65.69,65.69,701.0,66.813,11
90,2022-11-17 13:00:00,66.773,68.5,66.7,68.5,100.0,67.1682,4
91,2022-11-17 14:00:00,65.5,68.52,65.2,68.5,77.0,67.2751,8
92,2022-11-17 15:00:00,66.87,68.52,65.744,66.89,202.0,67.6558,11
93,2022-11-17 16:00:00,67.0,67.0,65.397,65.397,30.0,66.7127,6
94,2022-11-18 11:00:00,68.5,69.0,65.69,66.87,270.0,67.4514,24
95,2022-11-18 12:00:00,66.87,66.87,66.87,66.87,0.0,66.87,0
96,2022-11-18 13:00:00,65.51,66.5,65.51,65.59,550.0,65.8779,5
97,2022-11-18 14:00:00,65.66,65.66,65.51,65.51,318.0,65.5421,2
98,2022-11-18 15:00:00,66.87,68.4,66.5,66.5,242.0,68.0401,10
99,2022-11-18 16:00:00,64.897,65.197,64.897,65.197,100.0,65.047,2
100,2022-11-21 10:00:00,68.0,68.2,64.387,68.0,287.0,66.0559,10
101,2022-11-21 11:00:00,67.5,67.5,67.5,67.5,310.0,67.5,2
102,2022-11-21 12:00:00,66.87,67.037,64.69,67.037,301.0,66.5979,7
103,2022-11-21 13:00:00,66.87,68.37,66.35,66.35,76.0,67.198,4
104,2022-11-21 14:00:00,68.0,68.36,66.34,68.36,242.0,67.4904,7
105,2022-11-21 15:00:00,64.73,68.0,64.245,64.69,118.0,66.81,14
106,2022-11-21 16:00:00,66.875,66.875,66.5,66.5,1050.0,66.8571,11
107,2022-11-22 09:00:00,66.5,66.5,66.0,66.0,1014.0,66.0069,3
108,2022-11-22 10:00:00,66.486,68.0,66.486,68.0,30.0,67.243,2
109,2022-11-22 11:00:00,64.927,65.0,64.69,64.69,320.0,64.9601,3
110,2022-11-22 12:00:00,64.73,64.73,64.73,64.73,4.0,64.73,1
111,2022-11-22 13:00:00,66.456,66.52,62.5,66.427,522.0,65.7836,6
112,2022-11-22 14:00:00,68.0,68.0,68.0,68.0,43.0,68.0,2
113,2022-11-22 15:00:00,66.125,68.0,62.0,64.75,1191.0,65.8473,18
114,2022-11-22 16:00:00,64.75,68.086,64.75,68.086,64.0,66.8019,4
115,2022-11-23 10:00:00,66.39,66.39,64.55,64.55,528.0,64.849,4
116,2022-11-23 11:00:00,64.21,68.0,64.21,68.0,43.0,65.7238,4
117,2022-11-23 12:00:00,68.0,68.0,68.0,68.0,0.0,68.0,0
118,2022-11-23 13:00:00,66.0,66.12,66.0,66.1,655.0,66.1008,3
119,2022-11-23 14:00:00,64.71,68.0,64.71,68.0,146.0,66.2958,5
120,2022-11-23 15:00:00,66.0,66.0,66.0,66.0,100.0,66.0,1
121,2022-11-23 16:00:00,66.0,66.0,66.0,66.0,0.0,66.0,0
122,2022-11-25 10:00:00,65.59,65.59,65.59,65.59,20.0,65.59,1
123,2022-11-25 11:00:00,65.59,65.59,65.59,65.59,0.0,65.59,0
124,2022-11-25 12:00:00,65.59,65.59,65.59,65.59,0.0,65.59,0
125,2022-11-25 13:00:00,64.73,64.73,64.73,64.73,6.0,64.73,4
126,2022-11-28 10:00:00,65.44,65.44,65.44,65.44,30.0,65.44,1
127,2022-11-28 11:00:00,64.157,64.35,64.157,64.277,225.0,64.2064,5
128,2022-11-28 12:00:00,65.37,65.37,65.37,65.37,30.0,65.37,1
129,2022-11-28 13:00:00,67.498,67.498,65.5,65.5,270.0,65.7309,3
130,2022-11-28 14:00:00,64.0,67.427,63.68,65.75,2094.0,65.7279,8
131,2022-11-28 15:00:00,65.83,67.427,64.244,64.244,3306.0,65.9664,36
132,2022-11-28 16:00:00,64.765,64.765,64.765,64.765,38.0,64.765,2
133,2022-11-29 11:00:00,65.87,65.87,63.96,63.96,377.0,64.6457,4
134,2022-11-29 12:00:00,64.517,64.59,64.517,64.59,28.0,64.5535,2
135,2022-11-29 13:00:00,64.825,65.89,64.825,65.89,206.0,65.859,4
136,2022-11-29 14:00:00,65.957,66.875,65.937,66.875,572.0,65.9794,3
137,2022-11-29 15:00:00,65.78,65.78,65.78,65.78,14.0,65.78,1
138,2022-11-29 16:00:00,65.937,67.255,65.937,67.255,30.0,66.596,2
139,2022-11-30 10:00:00,63.7,67.0,63.7,67.0,220.0,64.1136,4
140,2022-11-30 11:00:00,66.185,66.185,64.338,64.411,3146.0,65.9834,5
141,2022-11-30 12:00:00,64.46,64.46,64.46,64.46,63.0,64.46,1
142,2022-11-30 13:00:00,64.224,64.244,63.944,63.944,30.0,64.1287,3
143,2022-11-30 14:00:00,65.49,66.185,64.19,66.185,287.0,65.6195,10
144,2022-11-30 15:00:00,66.185,66.185,64.082,64.382,1053.0,65.8269,27
145,2022-11-30 16:00:00,64.55,68.067,64.55,66.733,140.0,66.5857,11
146,2022-12-01 09:00:00,67.325,67.325,67.325,67.325,10.0,67.325,1
147,2022-12-01 10:00:00,65.4,65.4,65.4,65.4,35.0,65.4,1
148,2022-12-01 11:00:00,65.26,65.26,65.26,65.26,10.0,65.26,1
149,2022-12-01 12:00:00,66.225,66.725,64.157,66.5,1094.0,66.2242,11
150,2022-12-01 13:00:00,66.5,66.5,66.5,66.5,0.0,66.5,0
151,2022-12-01 14:00:00,65.965,65.965,64.46,64.46,423.0,65.8583,4
152,2022-12-01 15:00:00,66.0,66.0,64.0,64.0,3480.0,65.7167,12
153,2022-12-01 16:00:00,66.25,68.25,65.965,66.25,2122.0,66.1509,35
154,2022-12-02 09:00:00,64.955,64.955,64.955,64.955,90.0,64.955,1
155,2022-12-02 10:00:00,66.62,66.62,66.62,66.62,12.0,66.62,2
156,2022-12-02 11:00:00,66.64,66.64,64.96,64.96,20.0,65.8686,7
157,2022-12-02 12:00:00,64.7,67.001,64.7,67.001,1028.0,66.9419,6
158,2022-12-02 13:00:00,65.0,67.375,65.0,65.51,1091.0,67.2032,9
159,2022-12-02 14:00:00,65.529,66.563,65.287,65.287,245.0,66.4679,7
160,2022-12-02 15:00:00,66.55,67.75,65.582,67.75,408.0,66.8172,24
161,2022-12-02 16:00:00,67.75,67.75,67.75,67.75,0.0,67.75,0
162,2022-12-05 08:00:00,65.3,65.3,65.3,65.3,45.0,65.3,3
163,2022-12-05 09:00:00,65.3,65.3,65.3,65.3,0.0,65.3,0
164,2022-12-05 10:00:00,65.125,65.377,65.125,65.377,205.0,65.2511,3
165,2022-12-05 11:00:00,65.857,65.875,65.5,65.875,570.0,65.6903,6
166,2022-12-05 12:00:00,65.54,65.54,65.157,65.23,79.0,65.3453,7
167,2022-12-05 13:00:00,66.505,66.578,64.846,65.146,14.0,65.8791,4
168,2022-12-05 14:00:00,64.23,65.23,64.23,65.23,6.0,64.73,2
169,2022-12-05 15:00:00,66.05,66.05,64.819,65.23,263.0,65.3522,17
170,2022-12-05 16:00:00,68.0,68.0,64.75,64.75,2000.0,65.8875,4
171,2022-12-06 09:00:00,65.527,65.6,65.527,65.6,14.0,65.5635,2
172,2022-12-06 10:00:00,65.114,67.067,65.114,65.89,692.0,65.8203,7
173,2022-12-06 11:00:00,65.64,66.74,65.64,66.74,1010.0,66.7291,2
174,2022-12-06 12:00:00,65.115,65.115,65.108,65.108,27.0,65.1137,2
175,2022-12-06 13:00:00,65.108,65.108,65.108,65.108,0.0,65.108,0
176,2022-12-06 14:00:00,66.135,66.135,66.135,66.135,2451.0,66.135,23
177,2022-12-06 15:00:00,66.6,66.6,65.068,65.577,85.0,65.9427,14
178,2022-12-06 16:00:00,65.577,65.577,65.577,65.577,0.0,65.577,0
179,2022-12-07 09:00:00,64.99,65.0,64.99,65.0,20.0,64.995,2
180,2022-12-07 10:00:00,66.54,66.54,65.055,66.0,418.0,66.0833,7
181,2022-12-07 11:00:00,66.25,66.5,65.54,65.54,1673.0,66.2887,3
182,2022-12-07 12:00:00,66.11,67.0,66.11,67.0,70.0,66.4533,2
183,2022-12-07 13:00:00,66.988,66.988,66.49,66.49,91.0,66.5776,3
184,2022-12-07 14:00:00,65.53,66.606,65.53,66.606,176.0,66.5571,5
185,2022-12-07 15:00:00,65.38,65.5,64.5,65.5,1955.0,65.4314,38
186,2022-12-07 16:00:00,64.65,64.65,64.65,64.65,45.0,64.65,1
187,2022-12-08 11:00:00,65.23,67.875,65.012,66.875,2760.0,67.2404,9
188,2022-12-08 12:00:00,65.94,65.94,65.94,65.94,25.0,65.94,1
189,2022-12-08 13:00:00,65.21,66.89,63.475,63.475,721.0,64.0027,9
190,2022-12-08 14:00:00,67.75,67.75,63.475,66.027,2359.0,67.0817,9
191,2022-12-08 15:00:00,65.23,67.0,65.13,66.968,85.0,66.5642,5
192,2022-12-08 16:00:00,66.958,68.297,66.75,66.75,1066.0,66.804,5
193,2022-12-09 10:00:00,65.96,66.875,65.53,66.382,1589.0,66.3894,7
194,2022-12-09 11:00:00,67.703,67.703,66.703,67.3,650.0,67.2955,4
195,2022-12-09 12:00:00,66.875,66.875,64.726,64.726,158.0,66.7662,2
196,2022-12-09 13:00:00,64.726,64.726,64.726,64.726,0.0,64.726,0
197,2022-12-09 14:00:00,66.375,67.3,65.275,67.3,1581.0,66.5421,12
198,2022-12-09 15:00:00,67.276,67.276,65.73,65.73,157.0,66.1534,8
199,2022-12-09 16:00:00,65.73,65.73,65.73,65.73,0.0,65.73,0
200,2022-12-12 11:00:00,66.64,66.64,66.64,66.64,15.0,66.64,1
201,2022-12-12 12:00:00,65.5,65.68,65.5,65.5,428.0,65.5516,5
202,2022-12-12 13:00:00,66.875,66.875,65.14,65.268,78.0,66.3462,5
203,2022-12-12 14:00:00,66.74,67.3,65.57,65.57,241.0,66.9432,4
204,2022-12-12 15:00:00,65.5,67.4,65.08,66.91,216.0,66.5637,13
205,2022-12-12 16:00:00,65.64,65.64,65.36,65.36,321.0,65.6304,3
206,2022-12-13 09:00:00,67.91,67.91,67.91,67.91,109.0,67.91,1
207,2022-12-13 10:00:00,67.91,67.91,67.91,67.91,131.0,67.91,1
208,2022-12-13 11:00:00,66.67,66.67,66.67,66.67,40.0,66.67,2
209,2022-12-13 12:00:00,67.16,67.18,66.337,66.67,190.0,67.0468,6
210,2022-12-13 13:00:00,67.18,67.18,67.06,67.06,38.0,67.12,2
211,2022-12-13 14:00:00,67.14,67.972,67.14,67.899,267.0,67.8551,4
212,2022-12-13 15:00:00,68.21,69.25,67.0,67.18,2993.0,67.8383,22
213,2022-12-13 16:00:00,67.18,67.18,67.0,67.0,30.0,67.12,3
214,2022-12-14 08:00:00,67.74,67.74,67.277,67.35,110.0,67.4066,4
215,2022-12-14 09:00:00,67.1,67.1,67.1,67.1,100.0,67.1,2
216,2022-12-14 10:00:00,67.63,67.63,66.75,66.75,190.0,66.9353,3
217,2022-12-14 11:00:00,67.252,68.462,67.18,68.462,334.0,67.542,5
218,2022-12-14 12:00:00,69.462,69.462,67.25,67.25,449.0,68.1497,6
219,2022-12-14 13:00:00,67.711,68.683,66.468,68.683,335.0,67.66,6
220,2022-12-14 14:00:00,67.438,67.511,67.267,67.267,135.0,67.3561,11
221,2022-12-14 15:00:00,67.267,69.782,65.425,67.18,181.0,67.3089,13
222,2022-12-14 16:00:00,68.75,68.75,68.75,68.75,20.0,68.75,1
223,2022-12-15 08:00:00,67.01,67.01,67.01,67.01,50.0,67.01,1
224,2022-12-15 09:00:00,66.93,67.18,66.93,67.18,8.0,67.055,2
225,2022-12-15 10:00:00,67.29,67.29,67.217,67.217,66.0,67.2413,3
226,2022-12-15 11:00:00,67.317,67.39,65.9,67.07,936.0,67.0857,12
227,2022-12-15 12:00:00,67.194,67.194,67.194,67.194,30.0,67.194,2
228,2022-12-15 13:00:00,67.731,67.731,66.61,66.61,618.0,66.8599,3
229,2022-12-15 14:00:00,69.0,69.0,66.267,67.731,186.0,67.8809,21
230,2022-12-15 15:00:00,66.801,69.476,66.25,66.64,164.0,66.8442,10
231,2022-12-15 16:00:00,66.64,66.64,66.64,66.64,0.0,66.64,0
232,2022-12-16 09:00:00,66.68,66.68,66.347,66.347,6.0,66.5135,2
233,2022-12-16 10:00:00,67.0,68.5,66.0,68.5,420.0,66.6655,6
234,2022-12-16 11:00:00,66.68,66.68,66.56,66.56,22.0,66.62,2
235,2022-12-16 12:00:00,66.281,67.04,65.5,67.04,948.0,66.363,12
236,2022-12-16 13:00:00,67.8,67.8,66.184,66.717,743.0,66.9363,19
237,2022-12-16 14:00:00,68.071,69.432,66.384,66.384,45.0,68.4884,3
238,2022-12-16 15:00:00,66.384,68.196,66.384,67.65,172.0,67.5414,19
239,2022-12-16 16:00:00,68.04,69.625,68.0,68.261,120.0,68.5757,8
240,2022-12-19 08:00:00,66.25,66.25,66.25,66.25,514.0,66.25,1
241,2022-12-19 09:00:00,66.25,66.25,66.25,66.25,0.0,66.25,0
242,2022-12-19 10:00:00,66.428,66.428,66.428,66.428,50.0,66.428,2
243,2022-12-19 11:00:00,66.75,67.25,66.75,67.25,1500.0,67.0,2
244,2022-12-19 12:00:00,66.827,66.9,66.317,66.39,98.0,66.8011,4
245,2022-12-19 13:00:00,66.165,66.39,66.0,66.317,193.0,66.2109,9
246,2022-12-19 14:00:00,67.04,67.5,65.7,67.5,630.0,66.9349,7
247,2022-12-19 15:00:00,66.032,66.2,65.9,66.0,625.0,66.057,25
248,2022-12-19 16:00:00,66.0,66.0,66.0,66.0,0.0,66.0,0
249,2022-12-20 09:00:00,66.11,66.11,66.11,66.11,580.0,66.11,2
250,2022-12-20 10:00:00,65.576,67.04,65.5,66.29,665.0,66.5861,35
251,2022-12-20 11:00:00,65.694,68.399,65.444,68.399,300.0,66.7831,7
252,2022-12-20 12:00:00,66.117,66.19,66.017,66.09,10.0,66.1135,4
253,2022-12-20 13:00:00,66.893,68.23,65.721,66.07,659.0,66.9694,14
254,2022-12-20 14:00:00,66.893,68.23,65.64,65.68,282.0,66.0381,21
255,2022-12-20 15:00:00,65.68,68.23,65.68,66.232,365.0,66.3175,18
256,2022-12-20 16:00:00,66.95,68.289,66.95,68.289,60.0,67.6195,2
257,2022-12-21 10:00:00,65.872,65.872,65.872,65.872,2.0,65.872,1
258,2022-12-21 11:00:00,67.15,67.15,65.17,66.21,229.0,66.3921,5
259,2022-12-21 12:00:00,67.54,67.54,66.95,66.95,407.0,67.5255,3
260,2022-12-21 13:00:00,68.05,68.05,66.11,66.134,99.0,66.7983,5
261,2022-12-21 14:00:00,65.5,65.956,65.5,65.956,606.0,65.5045,3
262,2022-12-21 15:00:00,65.956,68.89,65.887,66.891,322.0,67.3551,18
263,2022-12-21 16:00:00,67.83,67.83,65.13,67.83,125.0,66.9936,6
264,2022-12-22 09:00:00,66.0,68.0,66.0,68.0,650.0,67.5385,2
265,2022-12-22 10:00:00,67.173,67.173,66.147,66.147,633.0,66.6897,11
266,2022-12-22 11:00:00,66.217,66.29,66.217,66.29,10.0,66.2535,2
267,2022-12-22 12:00:00,67.042,68.233,66.03,66.03,338.0,67.4608,10
268,2022-12-22 13:00:00,66.26,66.3,66.26,66.3,902.0,66.28,2
269,2022-12-22 14:00:00,67.0,67.756,67.0,67.756,2523.0,67.01,55
270,2022-12-22 15:00:00,65.915,66.04,65.915,66.04,174.0,66.006,14
271,2022-12-22 16:00:00,67.5,68.85,67.5,68.85,20.0,68.175,2
272,2022-12-23 09:00:00,66.84,66.84,66.727,66.8,460.0,66.8074,4
273,2022-12-23 10:00:00,66.8,66.8,66.8,66.8,0.0,66.8,0
274,2022-12-23 11:00:00,66.8,66.8,66.8,66.8,0.0,66.8,0
275,2022-12-23 12:00:00,66.343,69.36,66.343,68.595,169.0,68.0686,11
276,2022-12-23 13:00:00,67.37,69.404,67.37,69.404,148.0,68.4065,3
277,2022-12-23 14:00:00,69.404,69.404,69.404,69.404,0.0,69.404,0
278,2022-12-23 15:00:00,69.404,69.404,69.404,69.404,0.0,69.404,0
279,2022-12-23 16:00:00,69.404,69.404,69.404,69.404,0.0,69.404,0
280,2022-12-27 09:00:00,68.697,68.697,68.697,68.697,52.0,68.697,1
281,2022-12-27 10:00:00,68.697,68.697,68.697,68.697,0.0,68.697,0
282,2022-12-27 11:00:00,68.697,68.697,68.697,68.697,0.0,68.697,0
283,2022-12-27 12:00:00,66.217,68.41,66.217,66.346,81.0,67.383,6
284,2022-12-27 13:00:00,65.7,68.232,65.7,66.895,160.0,66.543,6
285,2022-12-27 14:00:00,66.895,66.895,66.895,66.895,0.0,66.895,0
286,2022-12-27 15:00:00,66.895,66.895,66.16,66.895,222.0,66.5732,22
287,2022-12-27 16:00:00,66.16,66.16,66.16,66.16,34.0,66.16,2
288,2022-12-28 09:00:00,68.946,68.946,66.134,66.134,72.0,68.0868,2
289,2022-12-28 10:00:00,66.134,66.134,66.134,66.134,0.0,66.134,0
290,2022-12-28 11:00:00,66.08,66.225,66.08,66.225,352.0,66.1619,7
291,2022-12-28 12:00:00,65.805,65.805,65.805,65.805,6.0,65.805,2
292,2022-12-28 13:00:00,65.777,66.467,65.726,65.726,696.0,65.762,4
293,2022-12-28 14:00:00,64.775,68.737,64.775,68.737,286.0,65.4517,6
294,2022-12-28 15:00:00,68.558,68.558,65.765,67.3,109.0,66.9528,9
295,2022-12-28 16:00:00,67.3,67.3,67.3,67.3,1.0,67.3,1
296,2022-12-29 09:00:00,65.608,67.54,65.608,67.54,395.0,67.5302,2
297,2022-12-29 10:00:00,66.152,67.5,65.605,65.605,729.0,67.3583,9
298,2022-12-29 11:00:00,66.819,66.882,65.191,65.941,310.0,66.4433,5
299,2022-12-29 12:00:00,66.055,66.055,66.055,66.055,8.0,66.055,2
300,2022-12-29 13:00:00,66.055,66.055,66.055,66.055,0.0,66.055,0
301,2022-12-29 14:00:00,69.618,69.618,69.618,69.618,15.0,69.618,1
302,2022-12-29 15:00:00,67.2,67.2,67.2,67.2,84.0,67.2,5
303,2022-12-29 16:00:00,68.381,69.724,68.381,69.724,30.0,69.0525,2
304,2022-12-30 08:00:00,66.227,66.3,66.227,66.3,106.0,66.2635,2
305,2022-12-30 09:00:00,65.805,65.805,65.805,65.805,70.0,65.805,4
306,2022-12-30 10:00:00,65.805,65.805,65.805,65.805,0.0,65.805,0
307,2022-12-30 11:00:00,66.96,67.96,66.96,67.96,66.0,67.46,2
308,2022-12-30 12:00:00,65.0,68.72,65.0,67.373,90.0,66.354,3
309,2022-12-30 13:00:00,67.5,67.5,63.984,64.313,619.0,65.0798,13
310,2022-12-30 14:00:00,64.313,64.313,64.313,64.313,0.0,64.313,0
311,2022-12-30 15:00:00,64.313,64.313,64.313,64.313,0.0,64.313,0
312,2022-12-30 16:00:00,64.313,64.313,64.313,64.313,0.0,64.313,0
313,2023-01-03 09:00:00,65.805,68.5,65.805,67.2,431.0,67.5291,7
314,2023-01-03 10:00:00,66.445,66.445,65.765,65.765,34.0,66.245,3
315,2023-01-03 11:00:00,65.765,67.403,65.765,66.264,565.0,66.43,9
316,2023-01-03 12:00:00,66.064,66.95,66.064,66.95,303.0,66.2526,7
317,2023-01-03 13:00:00,67.163,67.163,66.95,66.95,257.0,66.9706,12
318,2023-01-03 14:00:00,66.95,66.95,66.95,66.95,20.0,66.95,5
319,2023-01-03 15:00:00,66.95,66.95,66.95,66.95,10.0,66.95,2
320,2023-01-03 16:00:00,66.95,66.95,66.95,66.95,0.0,66.95,0
321,2023-01-04 10:00:00,66.95,68.6,66.95,67.215,425.0,67.4328,10
322,2023-01-04 11:00:00,67.473,67.473,67.44,67.473,120.0,67.462,3
323,2023-01-04 12:00:00,67.473,67.473,67.473,67.473,0.0,67.473,0
324,2023-01-04 13:00:00,69.558,69.558,68.195,68.195,40.0,68.8765,2
325,2023-01-04 14:00:00,68.9,68.9,67.7,67.7,100.0,68.3,2
326,2023-01-04 15:00:00,65.93,69.749,65.93,66.55,146.0,68.599,12
327,2023-01-04 16:00:00,66.55,66.55,66.55,66.55,32.0,66.55,5
328,2023-01-05 10:00:00,67.25,69.0,67.25,67.7,330.0,67.5167,3
329,2023-01-05 11:00:00,67.675,68.97,67.67,67.67,245.0,67.9909,3
330,2023-01-05 12:00:00,68.193,68.193,66.5,68.14,142.0,68.1215,5
331,2023-01-05 13:00:00,68.54,68.54,66.605,66.678,167.0,68.3808,3
332,2023-01-05 14:00:00,66.678,66.678,66.678,66.678,0.0,66.678,0
333,2023-01-05 15:00:00,66.18,69.65,66.18,69.65,206.0,68.8159,8
334,2023-01-05 16:00:00,69.65,69.65,69.65,69.65,100.0,69.65,1
335,2023-01-06 09:00:00,68.125,68.125,66.454,66.454,806.0,68.0776,4
336,2023-01-06 10:00:00,67.3,67.3,67.3,67.3,525.0,67.3,3
337,2023-01-06 11:00:00,68.177,68.29,66.1,68.29,2829.0,67.5118,8
338,2023-01-06 12:00:00,68.29,68.29,68.29,68.29,0.0,68.29,0
339,2023-01-06 13:00:00,69.05,69.5,67.75,68.49,148.0,68.4838,4
340,2023-01-06 14:00:00,67.145,67.145,67.145,67.145,6.0,67.145,2
341,2023-01-06 15:00:00,70.375,71.271,68.0,68.14,628.0,68.6376,17
342,2023-01-06 16:00:00,67.75,70.38,67.75,70.38,1058.0,67.8564,5
343,2023-01-09 11:00:00,69.75,69.75,67.91,67.91,59.0,69.482,5
344,2023-01-09 12:00:00,67.91,67.91,67.91,67.91,0.0,67.91,0
345,2023-01-09 13:00:00,69.0,71.509,69.0,71.5,145.0,71.2566,5
346,2023-01-09 14:00:00,68.83,68.83,68.757,68.757,400.0,68.7935,2
347,2023-01-09 15:00:00,68.68,71.1,68.68,71.1,116.0,70.7447,7
348,2023-01-09 16:00:00,71.5,71.629,70.225,71.629,70.0,71.1726,3
349,2023-01-10 11:00:00,69.725,70.37,68.064,70.37,145.0,70.2359,4
350,2023-01-10 12:00:00,70.073,70.073,70.0,70.073,225.0,70.0487,3
351,2023-01-10 13:00:00,69.0,70.75,69.0,70.5,63.0,70.3638,7
352,2023-01-10 14:00:00,70.5,70.5,70.5,70.5,0.0,70.5,0
353,2023-01-10 15:00:00,69.18,69.18,69.18,69.18,30.0,69.18,10
354,2023-01-10 16:00:00,69.18,69.18,69.18,69.18,0.0,69.18,0
355,2023-01-11 10:00:00,71.37,71.37,71.37,71.37,230.0,71.37,6
356,2023-01-11 11:00:00,71.51,71.51,71.51,71.51,170.0,71.51,1
357,2023-01-11 12:00:00,72.45,73.513,72.45,72.513,1100.0,72.7714,4
358,2023-01-11 13:00:00,71.16,71.16,71.16,71.16,6.0,71.16,2
359,2023-01-11 14:00:00,71.16,71.16,71.16,71.16,0.0,71.16,0
360,2023-01-11 15:00:00,71.38,71.38,71.38,71.38,10.0,71.38,4
361,2023-01-11 16:00:00,71.38,71.38,71.38,71.38,0.0,71.38,0
362,2023-01-12 11:00:00,73.0,73.5,73.0,73.5,550.0,73.0455,2
363,2023-01-12 12:00:00,71.0,74.239,71.0,72.885,2059.0,71.0817,7
364,2023-01-12 13:00:00,71.55,73.93,71.25,73.93,70.0,72.1229,3
365,2023-01-12 14:00:00,73.93,73.93,73.93,73.93,0.0,73.93,0
366,2023-01-12 15:00:00,71.58,72.21,71.58,72.21,42.0,72.0039,7
367,2023-01-12 16:00:00,73.54,73.54,73.54,73.54,112.0,73.54,1
368,2023-01-13 08:00:00,72.14,72.14,72.14,72.14,3.0,72.14,1
369,2023-01-13 09:00:00,72.14,72.14,72.14,72.14,0.0,72.14,0
370,2023-01-13 10:00:00,73.87,74.173,73.87,74.1,1313.0,74.0674,7
371,2023-01-13 11:00:00,73.117,73.19,73.117,73.19,30.0,73.1535,2
372,2023-01-13 12:00:00,72.927,75.71,72.65,75.71,146.0,73.9816,7
373,2023-01-13 13:00:00,74.343,74.343,74.27,74.27,100.0,74.3065,2
374,2023-01-13 14:00:00,71.81,75.918,71.451,74.5,682.0,74.465,10
375,2023-01-13 15:00:00,74.5,74.5,74.5,74.5,0.0,74.5,0
376,2023-01-13 16:00:00,74.41,74.41,74.41,74.41,20.0,74.41,2
377,2023-01-17 10:00:00,72.775,93.66,72.775,75.351,108.0,81.4944,10
378,2023-01-17 11:00:00,75.351,75.351,75.351,75.351,0.0,75.351,0
379,2023-01-17 12:00:00,73.78,73.96,73.5,73.5,42.0,73.6195,4
380,2023-01-17 13:00:00,74.89,74.89,74.89,74.89,30.0,74.89,2
381,2023-01-17 14:00:00,73.927,74.0,73.927,74.0,12.0,73.9635,2
382,2023-01-17 15:00:00,74.15,74.15,74.15,74.15,78.0,74.15,11
383,2023-01-17 16:00:00,74.15,74.15,74.15,74.15,0.0,74.15,0
384,2023-01-18 09:00:00,77.165,77.165,73.5,73.5,850.0,74.6613,5
385,2023-01-18 10:00:00,73.5,73.5,73.5,73.5,0.0,73.5,0
386,2023-01-18 11:00:00,74.219,74.292,74.219,74.292,4.0,74.2555,2
387,2023-01-18 12:00:00,74.292,74.292,74.292,74.292,0.0,74.292,0
388,2023-01-18 13:00:00,74.292,74.292,74.292,74.292,0.0,74.292,0
389,2023-01-18 14:00:00,78.632,78.632,73.85,73.85,205.0,74.7132,5
390,2023-01-18 15:00:00,74.575,74.575,74.575,74.575,6.0,74.575,4
391,2023-01-18 16:00:00,74.575,74.575,74.575,74.575,0.0,74.575,0
392,2023-01-19 09:00:00,74.89,74.89,74.73,74.73,315.0,74.7554,2
393,2023-01-19 10:00:00,74.73,74.73,74.73,74.73,0.0,74.73,0
394,2023-01-19 11:00:00,75.52,75.52,75.52,75.52,60.0,75.52,3
395,2023-01-19 12:00:00,74.87,74.87,74.52,74.52,34.0,74.7774,2
396,2023-01-19 13:00:00,74.85,74.85,74.783,74.783,60.0,74.8165,2
397,2023-01-19 14:00:00,74.783,74.783,74.783,74.783,0.0,74.783,0
398,2023-01-19 15:00:00,74.803,74.96,73.92,74.96,53.0,74.4489,10
399,2023-01-19 16:00:00,74.96,74.96,74.96,74.96,0.0,74.96,0
400,2023-01-20 11:00:00,75.68,75.68,75.618,75.618,18.0,75.649,2
401,2023-01-20 12:00:00,75.22,76.3,75.22,75.625,4654.0,75.8501,12
402,2023-01-20 13:00:00,75.375,76.89,75.375,76.89,1016.0,75.3989,3
403,2023-01-20 14:00:00,76.89,76.89,76.89,76.89,0.0,76.89,0
404,2023-01-20 15:00:00,76.064,76.064,75.12,75.22,12.0,75.381,5
405,2023-01-20 16:00:00,75.0,75.75,75.0,75.5,3050.0,75.5738,4
406,2023-01-23 08:00:00,75.64,75.64,75.64,75.64,7.0,75.64,1
407,2023-01-23 09:00:00,77.923,77.923,77.85,77.85,50.0,77.8865,2
408,2023-01-23 10:00:00,80.511,80.511,75.959,76.0,103.0,77.3914,11
409,2023-01-23 11:00:00,77.5,77.5,77.5,77.5,50.0,77.5,4
410,2023-01-23 12:00:00,77.5,77.5,76.5,76.5,3030.0,76.5924,7
411,2023-01-23 13:00:00,76.5,76.5,76.5,76.5,0.0,76.5,0
412,2023-01-23 14:00:00,76.5,76.5,76.5,76.5,0.0,76.5,0
413,2023-01-23 15:00:00,76.28,76.28,76.28,76.28,12.0,76.28,6
414,2023-01-23 16:00:00,79.88,79.88,78.314,78.314,50.0,79.097,2
415,2023-01-24 11:00:00,78.41,78.41,76.96,76.96,24.0,78.1683,3
416,2023-01-24 12:00:00,76.96,76.96,76.96,76.96,0.0,76.96,0
417,2023-01-24 13:00:00,76.96,76.96,76.96,76.96,0.0,76.96,0
418,2023-01-24 14:00:00,76.534,78.2,76.534,78.2,66.0,76.8801,4
419,2023-01-24 15:00:00,76.534,76.534,76.534,76.534,22.0,76.534,2
420,2023-01-24 16:00:00,76.534,76.534,76.534,76.534,0.0,76.534,0
421,2023-01-25 09:00:00,77.14,78.5,77.14,78.5,51.0,78.42,3
422,2023-01-25 10:00:00,78.943,78.943,77.36,77.36,53.0,77.5934,3
423,2023-01-25 11:00:00,77.36,77.36,77.36,77.36,0.0,77.36,0
424,2023-01-25 12:00:00,78.96,78.96,78.052,78.125,32.0,78.1974,3
425,2023-01-25 13:00:00,78.125,78.125,78.125,78.125,0.0,78.125,0
426,2023-01-25 14:00:00,79.0,79.0,78.032,78.032,292.0,78.7561,7
427,2023-01-25 15:00:00,78.032,79.6,77.5,79.6,236.0,79.3122,6
428,2023-01-25 16:00:00,78.804,78.877,78.804,78.877,50.0,78.8405,2
429,2023-01-26 08:00:00,79.75,79.95,79.75,79.95,30.0,79.8833,3
430,2023-01-26 09:00:00,79.5,79.5,79.5,79.5,10.0,79.5,2
431,2023-01-26 10:00:00,79.834,80.0,79.834,80.0,40.0,79.917,3
432,2023-01-26 11:00:00,77.5,77.5,77.5,77.5,70.0,77.5,1
433,2023-01-26 12:00:00,77.5,77.5,77.5,77.5,0.0,77.5,0
434,2023-01-26 13:00:00,80.0,81.0,80.0,81.0,2143.0,80.1463,7
435,2023-01-26 14:00:00,78.841,80.0,78.257,78.257,1075.0,79.9303,7
436,2023-01-26 15:00:00,79.125,79.125,79.04,79.04,72.0,79.1073,3
437,2023-01-26 16:00:00,79.0,79.0,79.0,79.0,25.0,79.0,1
438,2023-01-27 08:00:00,80.367,80.44,80.367,80.44,548.0,80.4035,2
439,2023-01-27 09:00:00,79.727,80.5,79.54,79.54,1177.0,80.4627,5
440,2023-01-27 10:00:00,82.95,82.95,80.25,80.25,1100.0,80.4216,3
441,2023-01-27 11:00:00,81.325,82.95,79.621,79.694,1212.0,80.5333,12
442,2023-01-27 12:00:00,79.917,79.99,79.917,79.99,30.0,79.9535,2
443,2023-01-27 13:00:00,80.15,80.375,79.0,80.0,7368.0,80.1512,105
444,2023-01-27 14:00:00,80.599,81.25,80.599,81.25,250.0,81.1198,3
445,2023-01-27 15:00:00,80.65,80.65,80.0,80.5,1074.0,80.0434,8
446,2023-01-27 16:00:00,79.07,79.07,79.07,79.07,50.0,79.07,1
447,2023-01-30 10:00:00,80.72,80.72,79.39,79.39,79.0,80.6043,5
448,2023-01-30 11:00:00,80.75,80.75,80.75,80.75,5.0,80.75,1
449,2023-01-30 12:00:00,78.646,80.72,78.646,80.72,46.0,80.4495,4
450,2023-01-30 13:00:00,80.468,80.468,80.468,80.468,263.0,80.468,1
451,2023-01-30 14:00:00,81.673,81.673,80.673,80.75,210.0,81.1529,4
452,2023-01-30 15:00:00,79.167,80.47,79.167,80.47,200.0,79.8874,25
453,2023-01-30 16:00:00,80.474,80.474,80.474,80.474,15.0,80.474,3
454,2023-01-31 10:00:00,81.7,81.7,80.75,81.25,220.0,81.0636,3
455,2023-01-31 11:00:00,79.875,80.125,79.875,80.125,2000.0,80.0,2
456,2023-01-31 12:00:00,79.93,82.0,79.53,80.5,1073.0,79.9183,8
457,2023-01-31 13:00:00,79.89,82.277,79.89,82.277,236.0,81.3458,5
458,2023-01-31 14:00:00,80.736,82.278,79.93,79.93,312.0,81.2937,6
459,2023-01-31 15:00:00,79.93,82.322,78.854,80.25,1773.0,80.0132,19
460,2023-01-31 16:00:00,80.25,80.25,80.25,80.25,0.0,80.25,0
461,2023-02-01 09:00:00,79.347,79.68,79.347,79.68,6.0,79.5135,2
462,2023-02-01 10:00:00,79.75,80.745,79.75,80.55,280.0,80.087,7
463,2023-02-01 11:00:00,79.0,79.0,79.0,79.0,25.0,79.0,1
464,2023-02-01 12:00:00,80.77,80.77,80.77,80.77,120.0,80.77,2
465,2023-02-01 13:00:00,80.699,80.699,80.699,80.699,59.0,80.699,5
466,2023-02-01 14:00:00,80.699,82.312,80.699,82.312,95.0,81.0386,8
467,2023-02-01 15:00:00,80.5,80.5,79.75,79.75,50.0,80.26,16
468,2023-02-01 16:00:00,79.002,80.7,79.002,80.7,325.0,80.5691,4
469,2023-02-02 09:00:00,81.249,82.249,80.995,80.995,180.0,81.6233,4
470,2023-02-02 10:00:00,80.995,80.995,80.45,80.8,1060.0,80.6735,5
471,2023-02-02 11:00:00,81.25,81.25,81.25,81.25,5.0,81.25,1
472,2023-02-02 12:00:00,81.51,81.633,80.383,80.383,1629.0,81.4469,6
473,2023-02-02 13:00:00,79.997,79.997,79.997,79.997,30.0,79.997,1
474,2023-02-02 14:00:00,82.091,82.091,81.441,81.52,560.0,81.7604,8
475,2023-02-02 15:00:00,81.06,81.06,80.532,80.532,1007.0,81.0563,4
476,2023-02-02 16:00:00,80.532,82.5,80.532,82.5,23.0,81.5588,4
477,2023-02-03 09:00:00,81.4,81.4,81.4,81.4,30.0,81.4,2
478,2023-02-03 10:00:00,81.4,81.4,81.0,81.0,480.0,81.0819,6
479,2023-02-03 11:00:00,81.24,82.874,81.24,82.874,136.0,81.6298,9
480,2023-02-03 12:00:00,82.874,82.874,82.874,82.874,0.0,82.874,0
481,2023-02-03 13:00:00,81.249,81.249,81.249,81.249,39.0,81.249,3
482,2023-02-03 14:00:00,80.621,81.199,80.621,80.875,2853.0,80.8719,11
483,2023-02-03 15:00:00,80.246,81.5,80.246,81.09,875.0,81.2905,33
484,2023-02-03 16:00:00,80.08,82.822,80.08,82.822,381.0,80.6131,4
485,2023-02-06 09:00:00,81.5,81.5,81.5,81.5,350.0,81.5,1
486,2023-02-06 10:00:00,80.003,80.003,80.0,80.0,603.0,80.0,2
487,2023-02-06 11:00:00,79.5,80.25,79.5,80.25,610.0,79.5123,5
488,2023-02-06 12:00:00,80.25,81.073,80.005,80.005,328.0,80.2845,5
489,2023-02-06 13:00:00,79.5,79.5,79.5,79.5,1000.0,79.5,1
490,2023-02-06 14:00:00,79.5,79.5,79.5,79.5,0.0,79.5,0
491,2023-02-06 15:00:00,80.12,80.12,78.48,79.281,75.0,79.4854,18
492,2023-02-06 16:00:00,79.281,79.281,79.281,79.281,0.0,79.281,0
493,2023-02-07 09:00:00,80.25,80.25,80.25,80.25,14.0,80.25,2
494,2023-02-07 10:00:00,79.95,79.95,79.527,79.527,1232.0,79.6677,14
495,2023-02-07 11:00:00,78.25,79.75,78.177,79.75,407.0,78.2399,3
496,2023-02-07 12:00:00,81.25,81.25,81.25,81.25,150.0,81.25,1
497,2023-02-07 13:00:00,81.25,81.25,81.25,81.25,0.0,81.25,0
498,2023-02-07 14:00:00,79.438,81.403,78.347,81.403,3355.0,79.2069,11
499,2023-02-07 15:00:00,79.798,79.909,79.798,79.909,19.0,79.8564,2
500,2023-02-07 16:00:00,78.0,78.0,78.0,78.0,1715.0,78.0,19
501,2023-02-08 11:00:00,78.14,78.14,78.14,78.14,73.0,78.14,3
502,2023-02-08 12:00:00,78.14,78.14,78.14,78.14,0.0,78.14,0
503,2023-02-08 13:00:00,78.14,78.14,78.14,78.14,0.0,78.14,0
504,2023-02-08 14:00:00,80.824,80.824,79.24,79.24,60.0,80.032,2
505,2023-02-08 15:00:00,79.268,79.268,79.05,79.05,163.0,79.1039,15
506,2023-02-08 16:00:00,79.05,79.05,79.05,79.05,0.0,79.05,0
507,2023-02-09 10:00:00,79.452,79.452,79.452,79.452,170.0,79.452,1
508,2023-02-09 11:00:00,79.452,79.452,79.452,79.452,0.0,79.452,0
509,2023-02-09 12:00:00,79.41,79.41,78.5,78.5,1030.0,78.5265,2
510,2023-02-09 13:00:00,78.812,80.114,78.75,79.114,984.0,78.8487,4
511,2023-02-09 14:00:00,78.326,79.924,77.853,79.914,417.0,78.6344,8
512,2023-02-09 15:00:00,78.7,79.102,78.7,79.102,72.0,78.7919,7
513,2023-02-09 16:00:00,78.72,79.72,78.71,79.71,160.0,79.2163,4
514,2023-02-10 08:00:00,77.571,78.0,77.571,78.0,300.0,77.714,2
515,2023-02-10 09:00:00,78.764,78.764,78.764,78.764,10.0,78.764,2
516,2023-02-10 10:00:00,77.18,78.24,77.18,78.24,58.0,78.0938,3
517,2023-02-10 11:00:00,79.275,79.275,79.275,79.275,20.0,79.275,1
518,2023-02-10 12:00:00,78.486,79.82,76.75,79.82,901.0,78.0659,14
519,2023-02-10 13:00:00,77.823,77.823,77.75,77.75,100.0,77.7865,2
520,2023-02-10 14:00:00,77.75,77.75,77.75,77.75,0.0,77.75,0
521,2023-02-10 15:00:00,78.3,78.3,76.28,76.28,1242.0,76.5671,7
522,2023-02-10 16:00:00,76.28,76.28,76.28,76.28,0.0,76.28,0
523,2023-02-13 10:00:00,76.999,76.999,76.999,76.999,4.0,76.999,2
524,2023-02-13 11:00:00,78.499,78.499,76.999,76.999,30.0,77.749,2
525,2023-02-13 12:00:00,76.267,76.267,75.682,75.682,13.0,76.042,2
526,2023-02-13 13:00:00,75.682,75.682,75.682,75.682,0.0,75.682,0
527,2023-02-13 14:00:00,78.465,78.465,73.387,73.387,32.0,76.0801,6
528,2023-02-13 15:00:00,73.387,73.387,73.387,73.387,0.0,73.387,0
529,2023-02-13 16:00:00,74.5,78.454,74.5,78.454,60.0,75.159,2
530,2023-02-14 09:00:00,76.823,78.359,76.823,78.359,70.0,77.591,2
531,2023-02-14 10:00:00,77.377,78.577,77.377,78.577,100.0,77.977,2
532,2023-02-14 11:00:00,76.0,76.0,73.347,73.68,14.0,74.9344,4
533,2023-02-14 12:00:00,78.25,78.25,75.96,75.96,200.0,77.105,2
534,2023-02-14 13:00:00,75.0,75.0,75.0,75.0,100.0,75.0,1
535,2023-02-14 14:00:00,76.709,78.209,73.471,75.36,1422.0,74.1089,6
536,2023-02-14 15:00:00,72.65,75.679,72.65,75.24,1239.0,73.0605,13
537,2023-02-14 16:00:00,77.01,77.01,75.5,75.5,30.0,76.255,2
538,2023-02-15 10:00:00,75.652,76.152,72.097,72.097,152.0,74.2999,4
539,2023-02-15 11:00:00,72.097,72.097,72.097,72.097,0.0,72.097,0
540,2023-02-15 12:00:00,74.943,74.943,74.87,74.87,60.0,74.9065,2
541,2023-02-15 13:00:00,72.382,72.455,72.382,72.455,28.0,72.4185,2
542,2023-02-15 14:00:00,72.455,72.455,72.455,72.455,0.0,72.455,0
543,2023-02-15 15:00:00,74.893,77.137,74.5,77.137,316.0,75.0035,14
544,2023-02-15 16:00:00,77.137,77.137,77.137,77.137,0.0,77.137,0
545,2023-02-16 09:00:00,71.6,71.6,71.6,71.6,100.0,71.6,1
546,2023-02-16 10:00:00,74.87,75.02,74.87,75.02,81.0,74.8811,5
547,2023-02-16 11:00:00,75.02,75.02,75.02,75.02,0.0,75.02,0
548,2023-02-16 12:00:00,75.375,75.375,71.5,73.5,165.0,72.3409,5
549,2023-02-16 13:00:00,76.54,76.54,74.45,74.45,450.0,74.9535,4
550,2023-02-16 14:00:00,74.968,76.467,74.968,76.467,70.0,75.7175,2
551,2023-02-16 15:00:00,74.999,76.163,74.763,74.763,156.0,75.2964,3
552,2023-02-16 16:00:00,74.763,74.763,74.763,74.763,0.0,74.763,0
553,2023-02-17 09:00:00,73.633,73.633,73.56,73.56,410.0,73.5965,2
554,2023-02-17 10:00:00,73.56,73.56,73.56,73.56,0.0,73.56,0
555,2023-02-17 11:00:00,73.177,73.61,73.04,73.04,308.0,73.3323,10
556,2023-02-17 12:00:00,73.04,73.04,73.04,73.04,0.0,73.04,0
557,2023-02-17 13:00:00,73.799,75.274,73.004,73.995,112.0,74.0814,7
558,2023-02-17 14:00:00,73.995,73.995,73.995,73.995,0.0,73.995,0
559,2023-02-17 15:00:00,73.995,75.25,72.8,72.8,387.0,74.1005,28
560,2023-02-17 16:00:00,72.8,72.8,72.8,72.8,0.0,72.8,0
561,2023-02-21 09:00:00,74.557,74.557,73.557,73.557,200.0,74.057,2
562,2023-02-21 10:00:00,73.557,73.557,73.557,73.557,0.0,73.557,0
563,2023-02-21 11:00:00,73.557,73.557,73.557,73.557,0.0,73.557,0
564,2023-02-21 12:00:00,72.6,72.8,72.6,72.8,10.0,72.7,2
565,2023-02-21 13:00:00,73.444,73.444,73.444,73.444,15.0,73.444,1
566,2023-02-21 14:00:00,72.85,72.85,72.35,72.7,80.0,72.625,3
567,2023-02-21 15:00:00,73.3,73.3,71.126,71.68,65.0,71.5339,13
568,2023-02-21 16:00:00,72.72,72.72,72.72,72.72,30.0,72.72,2
569,2023-02-22 08:00:00,71.5,72.3,71.5,72.3,575.0,72.2351,3
570,2023-02-22 09:00:00,72.3,72.3,72.3,72.3,0.0,72.3,0
571,2023-02-22 10:00:00,72.3,72.3,72.3,72.3,0.0,72.3,0
572,2023-02-22 11:00:00,71.304,72.54,71.304,72.54,375.0,72.3801,3
573,2023-02-22 12:00:00,72.54,72.54,72.54,72.54,0.0,72.54,0
574,2023-02-22 13:00:00,70.452,70.452,70.452,70.452,100.0,70.452,2
575,2023-02-22 14:00:00,72.62,72.62,70.55,70.55,27.0,71.47,4
576,2023-02-22 15:00:00,72.807,72.807,72.786,72.786,55.0,72.7936,3
577,2023-02-22 16:00:00,74.257,74.257,74.257,74.257,15.0,74.257,1
578,2023-02-23 10:00:00,71.001,71.001,69.934,70.267,62.0,70.9139,4
579,2023-02-23 11:00:00,70.267,70.267,70.267,70.267,0.0,70.267,0
580,2023-02-23 12:00:00,71.38,71.453,71.38,71.453,76.0,71.4165,2
581,2023-02-23 13:00:00,71.53,71.53,71.53,71.53,1000.0,71.53,2
582,2023-02-23 14:00:00,72.8,72.8,72.8,72.8,34.0,72.8,1
583,2023-02-23 15:00:00,74.174,74.174,72.72,72.72,50.0,73.447,2
584,2023-02-23 16:00:00,70.5,74.05,70.5,74.05,405.0,72.5,5
585,2023-02-24 10:00:00,71.04,71.968,71.04,71.968,98.0,71.1631,2
586,2023-02-24 11:00:00,71.02,71.22,71.02,71.22,500.0,71.12,2
587,2023-02-24 12:00:00,69.598,69.598,69.598,69.598,8.0,69.598,2
588,2023-02-24 13:00:00,71.08,71.08,71.08,71.08,18.0,71.08,3
589,2023-02-24 14:00:00,71.0,71.0,71.0,71.0,45.0,71.0,2
590,2023-02-24 15:00:00,71.968,71.968,71.29,71.29,412.0,71.3344,2
591,2023-02-24 16:00:00,70.875,70.875,70.875,70.875,6.0,70.875,2
592,2023-02-27 11:00:00,70.562,70.562,69.791,69.791,8.0,69.9838,3
593,2023-02-27 12:00:00,69.5,71.874,69.5,71.874,253.0,69.5282,2
594,2023-02-27 13:00:00,71.874,73.311,70.66,70.66,95.0,71.8824,5
595,2023-02-27 14:00:00,71.58,73.08,71.389,72.816,86.0,72.2771,4
596,2023-02-27 15:00:00,71.27,72.453,68.527,71.25,2719.0,69.6854,15
597,2023-02-27 16:00:00,71.25,72.0,71.25,71.6,300.0,71.5583,3
598,2023-02-28 10:00:00,68.632,68.882,68.632,68.882,8.0,68.757,2
599,2023-02-28 11:00:00,68.882,68.882,68.882,68.882,0.0,68.882,0
600,2023-02-28 12:00:00,68.755,71.327,68.755,71.327,20.0,70.041,3
601,2023-02-28 13:00:00,71.394,73.0,71.394,73.0,60.0,72.197,2
602,2023-02-28 14:00:00,71.198,72.853,68.765,71.327,144.0,70.6759,9
603,2023-02-28 15:00:00,71.327,71.327,69.65,70.39,571.0,70.1511,5
604,2023-02-28 16:00:00,70.39,70.39,70.39,70.39,0.0,70.39,0
605,2023-03-01 09:00:00,69.9,70.0,69.9,70.0,50.0,69.95,2
606,2023-03-01 10:00:00,68.866,68.866,68.866,68.866,14.0,68.866,2
607,2023-03-01 11:00:00,71.974,71.974,68.467,68.804,154.0,70.3663,6
608,2023-03-01 12:00:00,68.804,68.804,68.804,68.804,0.0,68.804,0
609,2023-03-01 13:00:00,68.804,68.804,68.804,68.804,0.0,68.804,0
610,2023-03-01 14:00:00,69.616,71.398,69.616,69.9,215.0,69.9552,6
611,2023-03-01 15:00:00,70.0,70.0,68.486,68.786,1330.0,69.9535,15
612,2023-03-01 16:00:00,70.875,70.875,70.875,70.875,13.0,70.875,1
613,2023-03-02 08:00:00,69.923,69.923,69.85,69.85,292.0,69.8865,2
614,2023-03-02 09:00:00,69.85,69.85,69.85,69.85,0.0,69.85,0
615,2023-03-02 10:00:00,68.196,68.196,68.196,68.196,41.0,68.196,1
616,2023-03-02 11:00:00,68.196,68.196,68.196,68.196,0.0,68.196,0
617,2023-03-02 12:00:00,69.89,71.575,68.1,68.1,380.0,68.6186,5
618,2023-03-02 13:00:00,68.1,68.1,68.1,68.1,0.0,68.1,0
619,2023-03-02 14:00:00,68.1,68.1,68.1,68.1,0.0,68.1,0
620,2023-03-02 15:00:00,67.89,69.25,67.89,69.25,31.0,69.0306,10
621,2023-03-02 16:00:00,70.0,70.0,70.0,70.0,1000.0,70.0,1
622,2023-03-03 12:00:00,69.527,70.0,69.527,70.0,119.0,69.6259,3
623,2023-03-03 13:00:00,72.078,72.078,70.602,71.102,77.0,70.9456,5
624,2023-03-03 14:00:00,71.0,72.386,70.876,72.386,30.0,71.1873,6
625,2023-03-03 15:00:00,70.856,70.856,70.856,70.856,36.0,70.856,1
626,2023-03-03 16:00:00,70.5,70.5,70.5,70.5,750.0,70.5,1
627,2023-03-06 09:00:00,71.179,71.179,71.15,71.15,400.0,71.1645,2
628,2023-03-06 10:00:00,71.15,71.15,71.15,71.15,0.0,71.15,0
629,2023-03-06 11:00:00,72.75,72.75,72.75,72.75,306.0,72.75,1
630,2023-03-06 12:00:00,72.75,72.75,72.75,72.75,0.0,72.75,0
631,2023-03-06 13:00:00,71.043,71.043,70.97,70.97,100.0,71.0065,2
632,2023-03-06 14:00:00,71.515,72.502,71.165,72.152,55.0,71.5933,5
633,2023-03-06 15:00:00,71.12,71.165,69.25,70.35,1332.0,70.462,13
634,2023-03-06 16:00:00,70.35,70.35,70.35,70.35,0.0,70.35,0
635,2023-03-07 11:00:00,70.92,72.44,70.517,70.59,380.0,70.9533,7
636,2023-03-07 12:00:00,71.098,72.118,71.098,72.118,220.0,71.3298,2
637,2023-03-07 13:00:00,70.04,71.0,70.04,71.0,65.0,70.4092,2
638,2023-03-07 14:00:00,71.0,71.0,71.0,71.0,0.0,71.0,0
639,2023-03-07 15:00:00,69.68,69.68,69.68,69.68,22.0,69.68,9
640,2023-03-07 16:00:00,69.68,69.68,69.68,69.68,0.0,69.68,0
641,2023-03-08 08:00:00,71.063,71.063,71.0,71.0,930.0,71.0315,2
642,2023-03-08 09:00:00,71.0,71.0,71.0,71.0,0.0,71.0,0
643,2023-03-08 10:00:00,70.013,70.18,70.013,70.18,12.0,70.0965,2
644,2023-03-08 11:00:00,70.54,70.54,70.54,70.54,30.0,70.54,1
645,2023-03-08 12:00:00,70.54,70.54,70.54,70.54,0.0,70.54,0
646,2023-03-08 13:00:00,72.639,72.639,67.763,69.5,68.0,70.647,6
647,2023-03-08 14:00:00,70.287,72.639,70.0,72.639,1140.0,70.0538,4
648,2023-03-08 15:00:00,71.2,71.2,71.2,71.2,26.0,71.2,1
649,2023-03-08 16:00:00,68.026,70.0,68.026,70.0,1004.0,69.9921,3
650,2023-03-09 08:00:00,69.71,70.022,66.0,66.0,3650.0,69.5851,6
651,2023-03-09 09:00:00,69.535,69.535,60.255,66.5,1523.0,66.7749,18
652,2023-03-09 10:00:00,60.98,60.98,60.98,60.98,6.0,60.98,1
653,2023-03-09 11:00:00,65.5,65.5,63.0,63.0,2300.0,63.2717,5
654,2023-03-09 12:00:00,63.0,65.968,63.0,63.517,395.0,63.4136,9
655,2023-03-09 13:00:00,63.517,63.517,63.517,63.517,0.0,63.517,0
656,2023-03-09 14:00:00,63.0,63.0,62.0,62.0,2050.0,62.0244,3
657,2023-03-09 15:00:00,61.75,61.75,58.0,59.72,3240.0,60.6625,9
658,2023-03-09 16:00:00,60.8,61.75,59.62,59.62,1342.0,61.4811,8
659,2023-03-10 10:00:00,28.0,29.134,21.0,24.0,2824.0,25.0798,17
660,2023-03-10 11:00:00,22.0,29.259,22.0,25.0,390.0,23.1975,20
661,2023-03-10 12:00:00,23.0,23.0,8.0,10.5,5030.0,12.8929,9
662,2023-03-10 13:00:00,5.0,8.939,2.0,2.0,8580.0,2.7779,16
663,2023-03-10 14:00:00,2.0,4.78,2.0,2.75,14070.0,2.7977,19
664,2023-03-10 15:00:00,2.5,5.412,2.5,5.225,11315.0,3.8123,17
665,2023-03-10 16:00:00,2.5,6.313,2.5,6.313,5600.0,4.9679,13
